"DESCRIPTION","DURATION IN MS","NAME","PARENT SUITE","START TIME","STATUS","STOP TIME","SUB SUITE","SUITE","TEST CLASS","TEST METHOD"
"","7936","userCanToggleAgentStatusWithComments()","","2026-09-28","passed","2026-09-28","","ui.AgentTest","ui.AgentTest","userCanToggleAgentStatusWithComments"
"","25794","setUpAgent()","","2026-09-28","passed","2026-09-28","","api.TeamCityInstallationTest","api.TeamCityInstallationTest","setUpAgent"
"","12645","userCanCreateProjectWithValidName()","","2026-09-28","passed","2026-09-28","","ui.CreateProjectTest","ui.CreateProjectTest","userCanCreateProjectWithValidName"
"","235","userCanNotCreateUserWithBlankName()","","2026-09-28","passed","2026-09-28","","api.CreateUserTest","api.CreateUserTest","userCanNotCreateUserWithBlankName"
"","857","userCanNotRunBuildWithoutBuildConfiguration()","","2026-09-28","passed","2026-09-28","","api.RunBuildTest","api.RunBuildTest","userCanNotRunBuildWithoutBuildConfiguration"
"","156","userCanCreateUserWithValidData()","","2026-09-28","passed","2026-09-28","","api.CreateUserTest","api.CreateUserTest","userCanCreateUserWithValidData"
"","63004","setUpTeamCity()","","2026-09-28","passed","2026-09-28","","api.TeamCityInstallationTest","api.TeamCityInstallationTest","setUpTeamCity"
"","11060","userCanNotCreateBuildWithInvalidData(ProjectContext)","","2026-09-28","passed","2026-09-28","","api.CreateBuildTest","api.CreateBuildTest","userCanNotCreateBuildWithInvalidData"
"","5140","errorMessageShouldBeVisibleIfLoginWithInvalidData(UserContext)","","2026-09-28","passed","2026-09-28","","ui.LoginUserTest","ui.LoginUserTest","errorMessageShouldBeVisibleIfLoginWithInvalidData"
"","811","userCanAccessProtectedEndpointWithValidToken(UserContext)","","2026-09-28","passed","2026-09-28","","api.AuthTest","api.AuthTest","userCanAccessProtectedEndpointWithValidToken"
"","34638","fullHappyPathViaUI(UserContext)","","2026-09-28","passed","2026-09-28","","ui.HappyPathTest","ui.HappyPathTest","fullHappyPathViaUI"
"","87","userCannotAccessProtectedEndpointWithInvalidToken()","","2026-09-28","passed","2026-09-28","","api.AuthTest","api.AuthTest","userCannotAccessProtectedEndpointWithInvalidToken"
"","296","userCanNotCreateProjectWithBlankName()","","2026-09-28","passed","2026-09-28","","api.CreateProjectTest","api.CreateProjectTest","userCanNotCreateProjectWithBlankName"
"","8164","userCanNotCreateProjectWithBlankName()","","2026-09-28","passed","2026-09-28","","ui.CreateProjectTest","ui.CreateProjectTest","userCanNotCreateProjectWithBlankName"
"","21074","userCanInterruptBuildRun(UserContext, ProjectContext)","","2026-09-28","passed","2026-09-28","","ui.RunBuildTest","ui.RunBuildTest","userCanInterruptBuildRun"
"","8430","userCanNotRunBuildWithoutAgent(ProjectContext)","","2026-09-28","passed","2026-09-28","","ui.RunBuildTest","ui.RunBuildTest","userCanNotRunBuildWithoutAgent"
"","23730","userCanCreateBuildWithValidData(ProjectContext)","","2026-09-28","passed","2026-09-28","","ui.CreateBuildTest","ui.CreateBuildTest","userCanCreateBuildWithValidData"
"","16972","userCanCreateBuildWithValidData(ProjectContext)","","2026-09-28","passed","2026-09-28","","api.HappyPathTest","api.HappyPathTest","userCanCreateBuildWithValidData"
"","467","userCanNotCreateProjectWithDuplicateId()","","2026-09-28","passed","2026-09-28","","api.CreateProjectTest","api.CreateProjectTest","userCanNotCreateProjectWithDuplicateId"
"","6887","userCanOpenAgentsOverviewAndSeeActiveAgent()","","2026-09-28","passed","2026-09-28","","ui.AgentTest","ui.AgentTest","userCanOpenAgentsOverviewAndSeeActiveAgent"
"","16025","userCanRunBuildWithValidData(ProjectContext)","","2026-09-28","passed","2026-09-28","","api.RunBuildTest","api.RunBuildTest","userCanRunBuildWithValidData"
"","997","userCanNotRunBuildWithoutConnectedAgent(ProjectContext)","","2026-09-28","passed","2026-09-28","","api.RunBuildTest","api.RunBuildTest","userCanNotRunBuildWithoutConnectedAgent"
"","38","userCannotAccessProtectedEndpointWithoutAuthentication()","","2026-09-28","passed","2026-09-28","","api.AuthTest","api.AuthTest","userCannotAccessProtectedEndpointWithoutAuthentication"
"","9625","userShouldLoginViaUiWithValidData(UserContext)","","2026-09-28","broken","2026-09-28","","ui.LoginUserTest","ui.LoginUserTest","userShouldLoginViaUiWithValidData"
"","472","userCanCreateProjectWithValidData()","","2026-09-28","passed","2026-09-28","","api.CreateProjectTest","api.CreateProjectTest","userCanCreateProjectWithValidData"
"","21948","userCanRunExistingBuild(ProjectContext)","","2026-09-28","passed","2026-09-28","","ui.RunBuildTest","ui.RunBuildTest","userCanRunExistingBuild"
"","1438","userCanCreateBuildWithValidData(ProjectContext)","","2026-09-28","passed","2026-09-28","","api.CreateBuildTest","api.CreateBuildTest","userCanCreateBuildWithValidData"
"","0","userCanNotCreateUserWithBlankPassword()","","2026-09-28","skipped","2026-09-28","","api.CreateUserTest","api.CreateUserTest","userCanNotCreateUserWithBlankPassword"
